321@321
08Sircus@08서커스
10Sei0otto@텐세이제로오토
Boris Bidjan Saberi@보리스 비잔 사베리
2Xu@투엑스유
3.1 phillip lim@3.1 필립 림
424@424
530Park@530 파크
7X7@7x7
A Diciannoveventitre@디시아노베베니트레
A Kind Of Guise@어 카인드 오브 가이즈
A La Garconne@라 가르송
A New Cross@어 뉴 크로스
A-Cold-Wall*@어 콜드 월
A.F.Vandevorst@앤 필립 반데버스트
A.Lange&Sohne@아 랑게 운트 죄네
A.P.C.@아페세
A.Testoni@아 테스토니
Abercrombie@아베크롬비
Absidem@Absidem
Acne@아크네
Adaptation@어댑테이션
Addict Clothes Japan@에딕트
Adidas@아디다스
Adieu Paris@아듀 파리스
Ag Jeans@에이지 진
Agatha@아가타
Agnona@아뇨나
Agolde@아골드
Ahlem@알렘
Aiezen@Aiezen
Aigner@아이그너
Aime Leon Dore@에임 레온 도르
Akillis@아킬리즈
Al Duca D'Aosta 1902@알 두카 다오스타
Alaia@알라이아
Alain Mikli@알랭 미끌리
Alberta Ferretti@알베르타 페레티
Alberto Fasciani@알베르토 파시아니
Alchemist@알케미스트
Alchemy@알케미
Alden@알든
Alessandra Chamonix@알레산드라 샤모니
Alex Mill@알렉스 밀
Alexander Mcqueen@알렉산더 맥퀸
Alexander Wang@알렉산더 왕
Alice & Olivia@앨리스 & 올리비아
Alice Waese@Alice Waese
Alion Lou@알리온 루
Alltimers@올타이머스
Ally Capellino@알리 카펠리노
Alpha Industries@알파 인더스트리
Altuzarra@알투자라
Alviero Martini@알비에로 마르티니
Alyx@알릭스
Amapo@아마포
Ambush@앰부시
Ami@아미
Ami Alexandre Mattiussi@아미 알렉산드로 마티우시
Amiri@아미리
Andersen-Andersen@안데르센 안데르센
Andrea D'amico@안드레아 다미코
Andy Wolf Eyewear@앤디 울프
Ann Demeulemeester@앤 드뮐미스터
Anna Molinari@안나 몰리나리
Anna Sui@안나 수이
Anna-Karin Karlsson@안나 카린 칼슨
Anon@아논
Anrealage@언리얼에이지
Antonio Marras@안토니오 마라스
Antonio Maurizi@안토니오 마우리찌
Anya Hindmarch@안야 힌드마치
Aquazzura@아쿠아주라
Arc'teryx@아크테릭스
Aries@아리에스
Arkk Copenhagen@아크 코펜하겐
Armando Cabral@아르만도 카브랄
Armani@아르마니
Armor Lux@아머럭스
Army Of Me@아미 오브 미
Artselab@아트셀랩
As2ov@As2ov
AS65@AS65
Ash@아쉬
Asics@아식스
Asos@아소스
Aspesi@아스페시
Astorflex@아스터플렉스
Astrid Andersen@아스트리드 안데르센
Atlantic Stars@아틀란틱 스타스
Atm Anthony Thomas Melillo@안토니 토마스 메릴로
Aton@아톤
Attachment@어태치먼트
Au Jour Le Jour@아 주르 르 주르
Audemars Piguet@오데마피게
Avant Toi@아방뚜아
Avelon@아벨론
Ayame@아야메
Aztech Mountain@아즈텍 마운틴
B Store@비 스토어
Baja East@바자 이스트
Baldinini@발디니니
Baldwin@볼드윈
Balenciaga@발렌시아가
Ballantyne@발렌타인
Bally@발리
Balmain@발망
Band of Outsiders@밴드 오브 아웃사이더스
Bape@베이프
Barba@바르바
Barbara I Gongini@바바라 아이 곤지니
Barbour@바버
Barena@바레나
Bark@바크
Barton Perreira@바톤 페레이라
Bassike@베이식
Begum Khan@베굼 칸
Bellerose@벨레로즈
Belstaff@벨스타프
Berluti@벨루티
Bernhard Willhelm@버나드 윌햄
Bertoni 1949@베르토니 1949
Berwich@버위치
Beton Cire@베통 씨레
Bhindi Jewelers@빈디 쥬얼리
Billionaire@빌리어네어
Billionarie Boys Club@BBC
Birkenstock@버켄스탁
Blackbarrett@블랙바렛
Blauer@블라워
Blk Dnm@블랙 데님
Blood Brother@블러드 브라더
Blue Blue Japan@블루 블루 재팬
Blue Cult@블루 컬트
Kiminori Morishita@키미노리 모리시타
Blumarine@블루마린
Blyszak@Blyszak
Bmuet(Te)@비뮈에트
Boglioli@볼리올리
Bontoni@본토니
Borrelli@보렐리
Borsalino@볼사리노
Boss@보스
Both@Both
Bottega Veneta@보테가 베네타
Boucheron@부쉐론
Breguet@브레게
Breitling@브라이틀링
Brimarts@브리마츠
Brioni@브리오니
Brunello Cucinelli@브루넬로 쿠치넬리
Bruno Bordese@브루노 보르데제
Bukht@부호토
Burberry@버버리
Burton Ak@버튼 Ak
Buscemi@부세미
Buttero@부테로
Bvlgari@불가리
By Walid@바이 왈리드
Byredo@바이레도
C Diem@C Diem
Ca4la@카시라
Cacharel@까사렐
Calvin Klein@캘빈 클라인
Camper@캠퍼
Canada Goose@캐나다 구스
Canali@까날리
Cantarelli@칸타렐리
Car shoe@카 슈
Carhartt@칼하트
Cartier@까르띠에
Caruso@카루소
Carven@까르벵
Carvil@카빌
Casadei@까사데이
Casey Casey@케이시 케이시
Castaner@까스따네르
Castelbajac@까스텔바작
Catalina D'anglade@카타리나 당글레이드
Catherine Michiels@캐서린 미셸
Cav Empt@카브 엠트
Cazal@카잘
Cedric Charlier@세드릭 찰리어
Cedric Jacquemyn@세드릭 자퀴에멘
CELINE@셀린느
Cerruti 1881@셀루티 1881
Chalayan@살라얀
Champion@챔피온
CHANEL@샤넬
Charles Jeffrey Loverboy@찰스 제프리 러버보이
Charlotte Olympia@샬롯 올림피아
Chaumet@쇼메
Chen Peng@첸펭
Cherevichkiotvichki@체르비치키오트비츠키
Chiara Ferragni@키아라 페라그니
Chin Mens@친맨
Chin Teo@친테오
Chloe@끌로에
Chopard@쇼파드
Christian Dada@크리스찬 다다
Christian Dior@크리스찬 디올
Christian Koban@크리스찬 코반
Christian Louboutin@크리스찬 루부탱
Christian Pellizzari@크리스티앙 펠리자리
Christian Roth Eyewear@크리스찬 로스
Christopher Kane@크리스토퍼 케인
Christopher Nemeth@크리스토퍼 네메스
Christopher Raeburn@크리스토퍼 래번
Christopher Shannon@크리스토퍼 섀넌
Chrome Hearts@크롬하츠
Churchs@처치스
Cinzia Araia@신지아 아리아
Cire Trudon@씨흐 트루동
Citizens Of Humanity@씨티즌 오브 휴머니티
Clare Vivier@클레어 비비에
Claude Montana Vintage@클로드 몬타나 빈티지
Claudie Pierlot@끌로디 피에로
Claustrum@클라우스트럼
Closed@클로즈드
Cmmn Swdn@커먼 스웨덴
Coach@코치
Cody Sanderson@코디 샌더슨
Cole Haan@콜한
Colmar@콜마
Colombo@콜롬보
Comme des Garcons@꼼데가르송
Common Projects@커먼 프로젝트
Common Wild@커먼 와일드
Consistence@콘시스턴스
Converse@컨버스
COOHEM@코헨
Cornelian Taurus@코닐리안 타우루스
Corneliani@꼬르넬리아니
Corto Moltedo@코르토 몰테도
Costume National@커스텀 내셔널
Costumein@Costumein
Cote&Ciel@꼬떼 씨엘
Cottweiler@코트웨일러
Coup De Coeur@Coup De Coeur
CP Company@씨피 컴퍼니
Craig Green@크레이그 그린
Creatures Of The Wind@크리에이쳐스 오브 더 윈드
Creed@크리드
Crockett & Jones@크로켓 앤 존슨
Cruciani@크루치아니
Curieux@Curieux
Current Elliott@커런트 엘리엇
Cutler & Gross@커틀러 앤 그로스
Cy Choi@최철용
D. Exterior@디 익스테리어
D.A.T.E.@다테
D.Gnak@디그낙
D&G@디앤지
D1 Milano@D1 밀라노
Damir Doma@다미르 도마
Daniel Andresen@다니엘 안데르센
Daniel Patrick@다니엘 패트릭
Danielapi@다니엘라피
Daniele Alessandrini@다니엘 알레산드리니
Del Carlo@데 카를로
Del Toro Shoes@델 토로 슈즈
Delada@델라다
Delirious@딜리리어스
Dell'oglio@델올리오
Delvaux@델보
Denham@덴함
Denis Colomb@데니스 콜롬
Department 5@디파트먼트 5
Derek Lam 10 Crosby@데랙 람 텐 크로스비
Desa 1972@데사 1972
Devoa@데보아
Di Liborio@디 리보리오
Diadora@디아도라
Diadora Heritage@디아도라 헤리티지
Diane Von Furstenberg@다이앤 본 퍼스텐버그
Diego Vanassibara@디에고 바나시바라
Diesel@디젤
Dinner@디너
Dior Homme@디올 옴므
Diptyque@딥디크
Dirk Bikkembergs@딕 비켐버그
District Vision@디스트릭트 비전
DITA@디타
DKNY@DKNY
Dnl@Dnl
Dolce&Gabbana@돌체 앤 가바나
Dom Rebel@돔 레벨
Dondup@돈덥
Doppiaa@도피아
Dorateymur@도라테이무르
Doublet@더블렛
Doucal's@도우칼스
Dr. Martens@닥터 마틴
Dreamland Syndicate@드림랜드 신디케이트
Dries Van Noten@드리스 반 노튼
Drole De Monsieur@Drole De Monsieur
Drome@드롬
Drumohr@드루모어
Dsquared2@디스퀘어드2
Dunhill@던힐
Dupont@듀퐁
Dust@더스트
E. Tautz@이타우츠
Earl Jean@얼진
Eckhaus Latta@에카우스 라타
Ecoalf@에콜프
Ed Hardy@에드하디
Edhen Milano@에덴 밀라노
Editions M.R@에디션 MR
Education From Youngmachines@에듀케이션 프롬 영 머신즈
Edward Crutchley@에드워드 크러칠리
Edwin@에드윈
Eleventy@일레븐티
Elf Craft@엘프 크레프트
Elie Saab@엘리 사브
Elie Tahari@엘리 타하리
Elizabeth and James@엘리자베스 앤 제임스
Emanuel Ungaro@엠마뉴엘 웅가로
Emanuele Bicocchi@엠마누엘레 비꼬끼
Emilio Pucci@에밀리오 푸치
Enfants Riches Deprimes@앙팡 리쉬 데프리메
Engineered Garments@엔지니어드 가먼츠
Entre Amis@엔트레 아미스
Epokhe@에포케
Equipe '70@이큅 70
Equipment@이큅먼트
Ermanno Gallamini@에르마노 갈라미니
Ermanno Scervino@에르마노 설비노
Esastpak@이스트팩
ESCADA@에스까다
Esteban Cortazar@에스터반 고르타자
Estnation@에스트네이션
Etq.@Etq.
ETRO@에트로
Etudes@에뛰드
Ex InFinitas@이엑스 인피니타스
Exte@엑스떼
Eyefunny@아이퍼니
Eyevan7285@아이반 7285
Eytys@이티스
F.A.M.T.@FAMT
Fabi@파비
Fabiana Filippi@파비아나 필리피
Facetasm@파세타즘
Fagassent@파가센트
Faith Connexion@페이스 커넥션
Fake Alpha Vintage@페이크 알파 빈티지
Faliero Sarti@팔리에로 사르티
Family Affair@페밀리 어페어
Fanmail@펜메일
Fashion Clinic Timeless@패션 클리닉 타임리스
Fausto Puglisi@파우스토 푸그리시
Fay@페이
Fdmtl@Fdmtl
Fear of God@피어 오브 갓
Federico Curradi@페데리코 쿠라디
Fefe@페페
FENDI@펜디
FILA@필라
Filling Pieces@필링피스
Filson@필슨
Finamore 1925 Napoli@피나모레 1925 나폴리
Fiorentini + Baker@피오렌티니 베이커
First Aid To The Injured@First Aid To The Injured
Folk@포크
Forcerepublik@포스리퍼블릭
Forme D'expression@포르메 익스프레션
Fornasetti@포르나세티
Forte Couture@포르테 쿠튀르
Frame Denim@프레임 데님
Franck Muller@프랭크 뮬러
Frankie Morello@프랭키 모렐로
Frederique Constant@프레드릭 콘스탄트
Frency & Mercury@프레시 앤 머큐리
Furla@훌라
Furs66@퍼스66
Fusalp@퓨잡
Futur@퓨쳐
G-STAR RAW@지스타 로우
G.F.Ferre@지안 프랑코 페레
G.V.G.V.@G.V.G.V.
Gabriele Pasini@가브리엘레 파시니
Gaelle@가엘 파리
Gant By Michael Bastian@간트 바이 마이클 바스티앙
Garcons Infideles@가르송 인피델스
Garrett Leight@가렛 라이트
Gas Bijoux@가스 비쥬
Gavello@가벨로
GCDS@GCDS
Gear3@기어3
Gemco@젬코
Genny@제니
Geo@지오
George Cox@조지 콕스
Ghoud@Ghoud
Giacomorelli@지아코 모렐리
Gianvito Rossi@지안비토 로시
Gienchi@젠치
Gieves & Hawkes@기브스 앤 호크스
Giorgio Brato@조르지오 브라조
Gitman Vintage@짓먼 빈티지
Giuseppe Zanotti@쥬세페 자노티
Givenchy@지방시
Glasogon@Glasogon
Gmbh@Gmbh
God's Masterful Children@갓 마스터풀 칠드런
Gold / Toyo Enterprise@골드 토요 엔터프라이스
Gold And Wood@골드 앤 우드
Golden Goose@골든 구스
Good Art Hlywd@굿 아트 Hlywd
Gosha Rubchinskiy@고샤 루브친스키
Gouverner Audigier@Gouverner Audigier
GOYARD@고야드
Greg Lauren@그렉 로렌
Grenson@그렌슨
Grey Ant@그레이 안트
GUCCI@구찌
Guidi@구이디
Guy Laroche@기라로쉬
H Beauty&Youth@에이치 뷰티 앤 유스
H by Hudson@에이치 바이 허드슨
Hackett@해켓
Haculla@하큘라
Haider Ackermann@하이더 아크만
Hakusan@하쿠산 백산
Halo@헤일로
Hamilton@해밀턴
Han Kjobenhavn@한 코펜하겐
Hannes Roether@하네스 로더
Hardy Amies@하디 에이미스
Harmony Paris@하모니 파리
Harris Wharf London@해리스 워프 런던
Hed Mayner@헤드 메이너
Helen Kaminski@헬렌 카민스키
Helmut Lang@헬무트랭
Hender Scheme@핸더스킴
Henderson Baracco@핸더슨 바라코
Henrik Vibskov@헨릭 빕스코브
Henson@헨슨
HERMES@에르메스
Herno@에르노
Herrlicht@Herrlicht
Herschel Supply Co.@허쉘 서플라이 코
Herve Chapelier@에르베 샤플리에
Hevo@헤보
Hide&Jack@하이드 앤 잭
History Repeats@히스토리 리핏
Hogan@호건
Hoka One One@호카 원 원
Hollywood Trading Company@HTC 헐리우드 트레이딩 컴퍼니
Hood by Air@HBA 후드 바이 에어
Horisaki Design & Handel@호리사키 디자인 앤 핸델
Horizn Studios@호라이즌 스튜디오
House Of Holland@하우스 오브 홀랜드
Howlin'@하울린
Hublot@위블로
Hudson@허드슨
Hunter@헌터
Hunting World@헌팅 월드
Hydrogen@하이드로겐
Hysteric Glamour@히스테릭 글래머
Iceberg@아이스 버그
Icons@아이콘스
Icosae@이코세
Ih Nom Uh Nit@이놈어닛 이 놈 어 닛
Iise@Iise
Ileana Makri@일레아나 마크리
ILL.I@윌아이엠
illesteva@일레스테바
Incarnation@인카네이션
Incotex@인코텍스
Individual Sentiments@인디비쥬얼 센티먼츠
Ink@인크
Intoxicated@인톡시케이티드
IRO@이로
Isaac Reina@아이작 라이나
Isaac Sellam Experience@이삭 세럼 익스페리엔스
Isabel Benenato@이사벨 베네나토
Isabel Marant@이자벨 마랑
Isaia@이자이아
Issey Miyake@이세이 미야케
Italia Independent@이탈리아 인디펜던트
Ivo Scunzani@추자니 이보
IWC@IWC
J Brand@제이 브랜드
J.W.Anderson@JW 앤더슨
Jacob Cohen@야콥 코헨
Jacquemus@자크뮈스
Jacques Marie Mage@자크 마리 마지
Jaeger Lecoultre@예거 르쿨트르
James Perse@제임스 펄스
Jean Paul Gaultier@장 폴 고티에
Jeffrey Campbell@제프리 캠벨
Jeremy Scott@제레미 스캇
Jhon Elliott@존 엘리엇
Jhon Smedley@존 스메들리
Jhon Varvatos@존 바바토스
Jieda@지에다
JIL SANDER@질샌더
Jill Stuart@질 스튜어트
Jimi Roos@지미 루스
Jimmy Choo@지미 추
Jo No Fui@조 노 후이
John Galliano@존 갈리아노
John Lawrence Sullivan@존 로렌스 설리번
John Lobb@존 롭
John Varvatos@존 바바토스
Josef Miller@조셉 밀러
Joseph@조셉 밀러
Joshua Sanders@조슈아 샌더스
Juicy Couture@쥬시 꾸뛰르
Julien David@
Julius@줄리앙 데이비드
Junya Watanabe@준야 와타나베
Just A T-Shirt@저스트 어 티셔츠
Juun.J@준지
Jvdf@Jvdf
Kansai Yamamoto@간사이 야마모토
Kappa@카파
Karen Walker@카렌 워커
Karhu@카르후
Karl Lagerfeld@칼 라거펠트
Kasun London@카순 런던
Katama@카타마
Kate Spade@케이트 스페이드
Kazuyuki Kumagai@카즈유키 쿠마가이
Kent & Curwen@켄트 앤 커웬
Kenzo@겐조
Kidill@키딜
Kijima Takayuki@키지마 타카유키
King Baby@킹 베이비
Kired@키레드
Kiton@키톤
Kjus@쉬스
Koio@코이오
Kolor@칼라
Komakino@코마키노
Kris Van Assche@크리스 반 아쉐
Krizia Vintage@크리지아 빈티지
Kru@크루
Ksubi@츠비
KTZ@코쿤 투 자이
Kuboraum@쿠보라움
Kyme@카이미
L.G.R@L.G.R
L'Eclaireur@레클레뢰르
La Perla@라 펠라
Label Under Construction@레이블 언더 컨스트럭션
Lacoste@라코스테
Laguna Beach Jean@라구나 비치 진
Laneus@라네우스
Lanvin@랑방
Lardini@라르디니
Last Sole@라스트 솔
Lauren Klassen@로렌 클라센
Lc23@Lc23
Le Gramme@르 그렘
Le Kasha@르 카샤
Le Specs@르 스펙스
Leather Crown@레더 크라운
Leisure Society@레저 소사이어티
Lemaire@르메르
Les (Art)Ists@레스 아티스트
Les Benjamins@레 벤자민스
Les Bohemiens@레스 보헤미안
Les Hommes@레스 옴므
Les Petits Joueurs@레 쁘띠 주어
Lesca@레스카
Lesportsac@레스포삭
Letasca@Letasca
Levi's@리바이스
Liam Hodges@리암 호지스
Lidfort@리드포트
Linda Farrow@린다 페로우
Liska@리스카
Local Authority@로컬 오소리티
Loewe@로에베
Longchamp@롱샴
Longines@론진
Longjourney@롱저니
Loree Rodkin@로리 로드킨
Loro Piana@로로 피아나
Lost & Found@로스트 앤 파운드
Lot78@Lot78
Lotos@로토스
Louis Leeman@루이스 리만
Louis Vuitton@루이비통
Love Brand@러브 브랜드
Loveless@러브리스
Low Brand@로우 브랜드
Luella@루엘라
Luigi Borrelli@루이지 보렐리
Luis Morais@루이스 모라이스
LuLu Guinness@루루 기네스
Lunor@르노
Lygia & Nanny@리지아 앤 내니
Lyly Erlandsson@리리 엘란드슨
M. Cohen@M. Cohen
Ma+@Ma+
Mackage@맥케이지
Mackintosh@매킨토시
Mad Et Len@메드엣렌
Mads Norgaard@매즈 노가드
Maharishi@마하리쉬
Maison Flaneur@메종 플라네르
Maison Kitsune@메종 키츠네
Maison Labiche@메종 라비쉬
Maison Marin Margiela@메종 마틴 마르지엘라
Maison Michel@메종 미쉘
Maison Recuerdo@메종 레쿠에르도
Maje@마쥬
Majestic Filatures@마제스틱 필라쳐
Makavelic@마카벨릭
Malo@말로
Manolo Blahnik@마놀로 블라닉
Manoush@마노슈
Mansur Gavriel@만수르 가브리엘
Manuel Barcelo@마뉴엘 바르셀로
Manzoni 24@만조니 24
Marc Alary@마크 알라리
Marc by Marc Jacobs@마크 바이 마크 제이콥스
Marc Jacobs@마크 제이콥스
Marcelo Burlon@마르셀로 불론
Mario Portolano@마리오 포르토라노
Mark Cross@마크 크로스
Marka@마카
Markus Lupfer@마커스 루퍼
Marni@마르니
Marsell@마르셀
Martine Rose@마틴 로즈
Maska@마스카
Masnada@마스나다
Mason Garments@메이슨 가먼츠
Massada@마사다
Massimo Alba@마시모 알바
Massimo Piombo@마시모 피옴보
Master & Dynamic@마스터 앤 다이나믹
Mastercraft Union@마스터크래프트 유니온
Mastermind@마스터 마인드
Masunaga@마수나가
Matsuda@마츠다
Maurizio Miri@마우리지오 미리
Mauro Grifoni@마우로 그리포니
Max Mara@막스마라
Mc2 Saint Barth@Mc2 세인트 바스
MCM@엠시엠
Measponte@미아스폰테
Mercibeaucoup@메르시보꾸
Merz B. Schwanen@메르츠 비 슈바넨
Metrocity@메트로시티
Michael Bastian@마이클 바스티안
Michael Kors@마이클 코어스
Midnight Studios@미드나잇 스튜디오
Mihara Yasuhiro@미하라 야스히로
Milly@밀리
Minedenim@마인데님
Misbhv@미스비헤이브
Mismo@미즈모
Missoni@미소니
Miu Miu@미우 미우
Mizuno@미즈노
Moa Master Of Arts@모아 마스터 오브 아트
Moncler@몽클레어
Monkey Time@몽키 타임
Montblanc@몽블랑
Moohong@무홍
Moose Knuckles@무스너클
Moreau@모로
Moschino@모스키노
Moscot@모스콧
Mostly Heard Rarely Seen@Mostly Heard Rarely Seen
Mou@Mou
Movitra@모비트라
Mr & Mrs Furs@미스터 앤 미세스 퍼
Mr. Completely@미스터 컴플리틀리
MSGM@엠에스지엠
Mulberry@멀버리
Myar@Myar
Mykita@마이키타
N. Hoolywood@엔 헐리우드
N. Peal@엔 필
N.D.C. Made By Hand@N.D.C. Made By Hand
N/A@N/A
N21@N21
Naked And Famous@네이키드 앤 페이머스
Napapijri@나파피리
Natural Selection@네추럴 셀렉션
Necessity Sense@네세시티 센스
Neighborhood@네이버후드
Neil Barrett@닐 바렛
Neith Nyer@네이트 니예
Neuw@Neuw
New Balance@뉴발란스
Newams@Newams
Nialaya Jewelry@니알라야 쥬얼리
Nick Fouquet@닉 푸케
Nike@나이키
Nixon@닉슨
Nobis@노비스
Norse Projects@노스 프로젝트
Northskull@노스스컬
Norwegian Rain@노르웨지안 레인
Notify@노티파이
Nubikk@Nubikk
Nude@누드
Nudie Jeans Co@누디 진
Number 288@넘버 288
Numero 10@누메로 10
Oakley@오클리
Oamc@Oamc over all master cloth
Odeur@오더
Odin@오딘
Off White@오프 화이트
Officine Creative@오피시네 크리에이티브
Officine Generale@오피시네 제네랄레
Oilily@오일릴리
Okun@오쿤
Oliver Goldsmith@올리버 골드스미스
Oliver Peoples@올리버 피플스
Oliver Spencer@올리버 스펜서
Olubiyi Thomas@올루비이 토마스
Omc@Omc
OMEGA@오메가
Opening Ceremony@오프닝 세레머니
Orciani@오르치아니
Oris@오리스
Orlebar Brown@올레바 브라운
Osklen@오스클랜
Our Legacy@아워 레가시
Overcome@오버컴
Paige@페이지
Pajar@파잘
Pal Zileri@빨질레리
Palm Angels@팜 앤젤스
Palto@팔토
Pantanetti@판타네티
Pantos Paris@판토스 파리
Paolo Pecora@파올로 페코라
Paoloni@파올로니
Paraboot@파라부트
Parajumpers@파라점퍼스
Parts Of Four@파트 오브 포
Pasquale XY3@파스콸레 XY3
Patagonia@파타고니아
Patek Philippe@파텍 필립
Paul & Joe@폴 앤 조
Paul & Shark@폴 앤 샥
Paul Andrew@폴 앤드류
Paul Smith@폴 스미스
Paula Cademartori@파울라 카데마르토리
Paura@파우라
Pb 0110@Pb 0110
Pence@펜스
Persol@페르솔
Pete Sorensen@페테 소렌센
Peter & May Walk@피터 앤 메이 워크
Peter Non@피터 논
Peuterey@페트레이
Pezzol 1951@Pezzol 1951
Philipp Plein@필립 플레인
Philippe Model@필립 모델
PIAGET@피아제
Pierre Balmain@피에르 발망
Pierre Cardin@피에르 가르뎅
Pierre Hardy@피에르 하디
Pierre-Louis Mascia@피에르 루이스 마샤
Plein Sport@플레인 스포츠
Poeme Bohemien@포엠 보헤미안
Polo Ralph Lauren@폴로 랄프로렌
Pomellato@포멜라토
Porter@포터
Ports 1961@포츠 1961
PRADA@프라다
Premiata@프리미아타
Pringle Of Scotland@프링글 오브 스코트랜드
Proenza Schouler@프로엔자슐러
Project Twlv@프로젝트 Twlv
Prps@Prps
PT01@피티제로우노
PT05@PT05
Public School@퍼블릭 스쿨
Puma@푸마
Pya@피야
Pyrenex@피레넥스
R13@R13
Raden@라덴
Raf Simons@라프시몬스
Rag & Bone@랙 앤 본
Rains@레인스
Ralph Lauren@랄프로렌
Ralph Vaessen@랄프 베센
Ray Ban@레이벤
Re-Hash@리 하쉬
Re/Done@리던
Reality Studio@리얼리티 스튜디오
Rebecca Minkoff@레베카 밍코프
Rebecca Taylor@레베카 테일러
Red Card@레드 카드
Red Wing@레드윙
Reebok@리복
Reigning Champ@레이닝 챔프
Reinhard Plank@레인하드 플랭크
Repetto@레페토
Represent@리프리젠트
Res Rei@레스 레이
Retrosuperfuture@레트로슈퍼퓨쳐
Rh45@Rh45
Riccardo Comi@리카르도 코미
Richmond@리치몬드
Rick Owens@릭 오웬스
Rimowa@리모와
Riz Boardshorts@리츠 보드쇼츠
Roa@Roa
Roar@로어
Roberta Di Camerino@로베르타 디 카메리노
Roberto Cavalli@로베르토 카발리
Roberto Collina@로베르토 콜리나
Robins Jean@로빈스 진
RoCCo P.@로코 피
Rochambeau@로샹보
Rochas@로샤스
Roger Dubuis@로저드뷔
Roger Vivier@로저 비비에
Roksanda@록산다
Rolex@롤렉스
Roman Paul@로만 폴
Romeo Gigli@로메오 질리
Ron Dorff@론 도프
Rosa Maria@로사 마리아
Rosemont@로즈몽
Rossignol@로시뇰
Route Des Garden@루트 데스 가든
Rrd@Rrd
Rrl@Rrl
Rta@Rta
S.N.S. Herning@에스엔에스 헤링
Sacai@사카이
SAINT LAURENT@세인트 로랑
Salomon@살로몬
Salvatore Ferragamo@살바토레 페라가모
Salvatore Piccolo@살바토레 피콜로
Salvatore Santoro@살바토레 산토로
Sam Edelman@샘 에델만
Sam.@샘
Sandqvist@샌드쿠비스트
Sandro@산드로
Sankuanz@산쿠안즈
Santoni@산토니
Sartori Gold@사르토리 골드
Sasquatchfabrix.@사스콰치패브릭스
Satisfy@세티스파이
Saturdays Nyc@세터데이즈 NYC
Saucony@써코니
Save The Duck@세이브 더 덕
Schnaydermans@슈나이더만
Schott@쇼트
Scotch & Soda@스카치 앤 소다
Sealup@실럽
Sebastian Tarek@세바스티안 타렉
Second/Layer@세컨드/레이어
Seiko@세이코
Self Portrait@셀프 포트레이트
Sempach@셈파크
Sener Besim@세너 베심
Sergio Rossi@세르지오 로시
Seven Jeans@세븐 진스
Shaun Leane@숀 린
Shinola@시놀라
Siki Im@시키 임
Silhouette@실루엣
Silvano Sassetti@실바노 사세티
Simon Miller@시몬 밀러
Simone Rocha@시몬 로샤
Siwy@씨위
Slave To Ancestors@슬레이브 투 엔세스터
Smythson@스미스슨
So. Ya@소야
Societe Anonyme@Societe Anonyme
Soderberg@소더버그
Sol Amor 1946@Sol Amor 1946
Somke X Mirrors@스모크 X 미러
Song For The Mute@Song For The Mute
Sonia Rykiel@소니아 리키엘
Sophie Hulme@소피 휼미
Sophnet.@소프넷
Sorel@소렐
Sottomettimi@소토메티미
Soulland@소울랜드
South Lane@사우스 레인
Speedometer Official@스피도미터 오피셜
Spektre@스펙트레
St.John@센존
Stampd@스탬피디
Stefania Frangista@스테파니아 프렌지스타
Stella McCartney@스텔라 맥카트니
Stephan Schneider@스테판 슈나이더
Stephen Sprouse Vintage@스테판 스프라우스 빈티지
Stephen Webster@스테판 웹스터
Steve Madden@스티브 매든
Stewart@스튜어트
Stone Island@스톤 아일랜드
Strateas Carlucci@스트라테아스 카루치
Stuart Weitzman@스튜어트 와이츠먼
Stussy@스투시
Stutterheim@스투어하임
Suicoke@수이코크
Sulvam@살밤
Sun 68@Sun 68
Sun Buddies@선 버디스
Sunnei@써네이
Sunspel@선스펠
Super@수퍼
Superga@수페르가
Supreme@슈프림
Suzusan@수주산
Swarovski@스와로브스키
Swear@스웨어
T Jacket@티 자켓
Tag Heuer@테크호이어
Tagliatore@딸리아또레
Taichi Murakami@타이치 무라카미
Tailor Toyo@테일러 토요
Takahiromiyashita The Soloist@타카히로미야시타 더 솔로이스트
Tateossian@다테오시안
Tatras@타트라스
TechnoMarine@테크노마린
Ted Baker@테드 베이커
Ten C@텐씨
The Arrivals@어라이벌스
The Editor@디에디터
The Elder Statesman@더 엘더 스테이츠맨
The Gigi@더 지지
The incorporated@더 인콜퍼레이티드
The Last Conspiracy@더 라스트 컨스피러시
The North Face@더노스 페이스
The Shoe Surgeon@더 슈 서전
The Ugly Ones@더 어글리 원스
The Upside@더 업사이드
The Viridi-Anne@더 비리지안느
The White Briefs@더 화이트 브리프스
Theory@띠어리
Thierry Lasry@티에리라스리
Thierry Mugler Vintage@티에리 머글러 빈티지
Thom Browne@톰브라운
Thom Krom@톰크롬
Thrasher@쓰레셔
TIFFANY & CO@티파니 앤 코
Tim Coppens@팀 코펜스
Timberland@팀버랜드
To Boot New York@투 부트 뉴욕
Tobias Wistisen@토비아스 위스티슨
TODS@토즈
Toga@토가
Tom Dixon@톰 딕슨
Tom Rebl@톰 레블
Tom Wood@톰 우드
Tomas Maier@토마스 마이어
Tomford@톰포드
Tommy Hilfiger@타미 힐피거
Tonello@토넬로
Toogood@투굿
Tory Burch@토리버치
Transit@트렌짓
Tres Bien@트레비앙
Trickers@트리커즈
Troubadour@투르바두어
True Religion@트루 릴리젼
True Rocks@트루 록스
Ts(S)@티에스
Tsumori Chisato@츠모리 치사토
Tumi@투미
UGG australia@어그 오스트레일리아
Ugo Cacciatori@우고 키치아토리
Uma | Raquel Davidowicz@우마 라켈 데비도비츠
Uma Wang@우마 왕
Umasan@우마산
Umit Benan@유밋 베넌
Unconditional@언컨디셔널
Undercover@언더커버
Uniform Experiment@유니폼 익스페리먼트
United Nude@유나이티드 누드
United Rivers@유나이티드 리버
Universal Works@유니버셜 워크
Unonovecinque@Unonovecinque
Unravel Project@언레이블 프로젝트
Unused@언유즈드
Vacheron Constantin@바쉐론 콘스탄틴
Valas@발라
Valentino@발렌티노
Valextra@발렉스트라
Van Cleef & Arpels@반 클리프 앤 아펠
Vanessa Bruno@바네사 브루노
Vans@반스
Vava@바바
Venroy@벤로이
Vera Wang@베라왕
Versace@베르사체
Versus@베르수스
Vetements@베트멍
Victoria Beckham@빅토리아 베컴
Victorias Secret@빅토리아 시크릿
Viktor&Rolf@빅터 앤 롤프
Vilebrequin@빌브레퀸
Vince@빈스
Vinylize@바이널라이즈
Visitor On Earth@비지터 온 어스
Visvim@비즈빔
Vitaly@바이탈리
Vivienne Westwood@비비안 웨스트우드
Voile Blanche@보일 블랑쉐
Voom@붐
W.Gibbs@W 깁스
Wacko Maria@와코 마리아
Wales Bonner@웨일즈 보너
Walter Van Beirendonck@월터 반 베이렌동크
Want Les Essentiels@원트 레스 에센셜
Weber Hodel Feder@WHF 위버 호더 페더
Werkstatt:Munchen@베르크슈타크 뮌헨
Wheir Bobson@웨어 밥슨
White Mountaineering@화이트 마운티니어링
Wildfox@와일드폭스
Wings+Horns@윙스 + 혼스
Won Hundred@원 헌드레드
Wood Wood@우드 우드
Woolrich@울리치
Wooyoungmi@우영미
Www. Will Shott@Www. Will Shott
Xacus@싸쿠스
Y / Project@와이 프로젝트
Y-3@와이 쓰리
Yang Li@양 리
Yeezy@이지
Yellows Plus@옐로우 플러스
Yevo@예보
YMC@와이엠씨
Yohji Yamamoto@요지 야마모토
Yoshiokubo@요시쿠보
Yuiki Shimoji@유이키 시모지
Yves Salomon@이브살로몬
Yvonne Leon@이본 레온
Zadig&Voltaire@쟈딕 앤 볼테르
Zambesi@잠베지
Zanellato@자넬라토
Zanerobe@자네로브
Zanone@자노네
Zegna@제냐
Ziggy Chen@지기 첸
Zucca@주카
Barbara Alan@바바라 알란
Mj Risin@엠제이 리신
CARL IVAR@칼 이바
Gareth Pugh@가레스퓨
ALYSI@알리시
Richard Nicoll@리차드 니콜
Prima Forma@프리마 포마
Commune De Paris@코뮌 드 파리
Sutor Mantellassi@수톨 만텔라시
Nicolas Andreas Taralis@니콜라스 안드레아스 타랄리스
Fbr Veneta@Fbr 베네타
RUNDHOLZ@런드홀츠
MD75@MD75
Collection PRIVEE?@콜렉션 프리비
Sandro Marzo@산드로 마르조
ALAIN@알랭
CAMO@카모
RODA@로다
99% Is@바조우 99% is
A Cold Wall@어 콜드 월
AGI & SAM@아기 앤 샘
Alex Mullins@알렉스 멀린스
Barny Nakhle@바니 나클
andrea ya'Aqov@안드레아 야코브
Aleksandr Manamis@알렉산드르 마나미스
Casbia@카스비아
Yasuyuki Ishii@야스유키 이시이
Arje@Arje
Angel Chen@엔젤 첸
Arthur Avellano@아서 아벨라노
Delada@델라다
Deepti@딥티
Ximon Lee@사이먼 리
B. Muet(te)@B. Muet(te)
O&X@O&X
Wjk@더블제이케이
Hussein Chalayan@후세인 살라얀
Alexandre Plokhov@알렉산드르 플로코브
